diagnosis,radius_mean,texture_mean,perimeter_mean,area_mean,smoothness_mean,compactness_mean,concavity_mean,concave points_mean,symmetry_mean,fractal_dimension_mean,radius_se,texture_se,perimeter_se,area_se,smoothness_se,compactness_se,concavity_se,concave points_se,symmetry_se,fractal_dimension_se,radius_worst,texture_worst,perimeter_worst,area_worst,smoothness_worst,compactness_worst,concavity_worst,concave points_worst,symmetry_worst,fractal_dimension_worst
B,12.14652380952381,17.914761904761903,78.07540616246499,462.7901960784314,0.09247764705882353,0.08008462184873949,0.04605762100840336,0.025717406162464984,0.17418599439775911,0.0628673949579832,0.28408235294117645,1.2203801120448179,2.0003212885154062,21.135148459383753,0.007195901960784313,0.02143824649859944,0.02599673557422969,0.009857652661064425,0.020583806722689075,0.0036360512605042015,13.37980112044818,23.515070028011202,87.00593837535014,558.8994397759104,0.12495949579831933,0.18267254901960786,0.16623772268907563,0.07444434453781512,0.27024593837535016,0.07944207282913165
M,17.462830188679245,21.60490566037736,115.36537735849056,978.3764150943396,0.10289849056603774,0.14518778301886792,0.16077471698113208,0.08799,0.19290896226415097,0.06268009433962264,0.6090825471698113,1.2109146226415095,4.3239292452830185,72.67240566037735,0.006780094339622642,0.03228116509433963,0.041824009433962264,0.015060471698113207,0.020472400943396227,0.0040624056603773585,21.134811320754718,29.318207547169813,141.37033018867925,1422.286320754717,0.14484523584905662,0.37482410377358494,0.4506055660377358,0.1822373113207547,0.32346792452830186,0.09152995283018868
