sample_index,true_label,predicted_label,prob_benign,prob_malignant
0,0,0,0.706854,0.293146
1,1,1,0.244425,0.755575
2,0,0,0.562829,0.437171
3,1,1,0.479471,0.520529
4,0,0,0.600521,0.399479
5,0,0,0.676398,0.323602
6,1,1,0.422438,0.577562
7,0,0,0.711066,0.288934
8,0,0,0.789832,0.210168
9,0,0,0.68626,0.31374
